Compound,n,MAE,bias
SOFT,997,0.4304223617638398,0.2811597646701307
HARD,2922,0.3860037676016961,0.1617205585443759
MEDIUM,3057,0.3470586166845217,0.13851228105339694
