{
  "model": "HistGradientBoosting",
  "feature_set": "1) Tyre",
  "n_features": 6,
  "best_params": {
    "model__l2_regularization": 1.0,
    "model__learning_rate": 0.01,
    "model__max_depth": 5,
    "model__max_iter": 100,
    "model__min_samples_leaf": 100
  },
  "test_MAE": 0.44622789515274797,
  "test_RMSE": 0.6357827440361891,
  "median_MAE_per_circuit": 0.4530489908507641,
  "IQR_MAE_per_circuit": 0.08654740494199337,
  "CV_MAE": 0.43268723217558674,
  "n_iter": 100
}