Circuit,MAE
Spa-Francorchamps,0.4197250495907511
Enzo e Dino Ferrari,0.34700242779219026
Zandvoort,0.31817102936305613
Bahrain,0.31084698746016276
Red Bull Ring,0.26958719540841536
