Model,Architecture,Test_median_race_MAE,Test_MAE,Test_RMSE,Test_R2,Iterations
Small MLP,"(32, 16)",4.7457784798379805,7.150485394717525,10.343673924945268,-0.4915380127048983,478
