Circuit,n,bias_RF
Bahrain,1672,0.20087788762705677
Enzo e Dino Ferrari,1046,0.04959095307999574
Red Bull Ring,1346,0.0659335908534041
Spa-Francorchamps,1611,0.09941699212057846
Zandvoort,1301,0.052459593258490006
